Year,District,Hour_0,Hour_1,Hour_2,Hour_3,Hour_4,Hour_5,Hour_6,Hour_7,Hour_8,Hour_9,Hour_10,Hour_11,Hour_12,Hour_13,Hour_14,Hour_15,Hour_16,Hour_17,Hour_18,Hour_19,Hour_20,Hour_21,Hour_22,Hour_23,Hour_0_WeaponPercentage,Hour_1_WeaponPercentage,Hour_2_WeaponPercentage,Hour_3_WeaponPercentage,Hour_4_WeaponPercentage,Hour_5_WeaponPercentage,Hour_6_WeaponPercentage,Hour_7_WeaponPercentage,Hour_8_WeaponPercentage,Hour_9_WeaponPercentage,Hour_10_WeaponPercentage,Hour_11_WeaponPercentage,Hour_12_WeaponPercentage,Hour_13_WeaponPercentage,Hour_14_WeaponPercentage,Hour_15_WeaponPercentage,Hour_16_WeaponPercentage,Hour_17_WeaponPercentage,Hour_18_WeaponPercentage,Hour_19_WeaponPercentage,Hour_20_WeaponPercentage,Hour_21_WeaponPercentage,Hour_22_WeaponPercentage,Hour_23_WeaponPercentage,Hour_0_MostUsedWeapon,Hour_1_MostUsedWeapon,Hour_2_MostUsedWeapon,Hour_3_MostUsedWeapon,Hour_4_MostUsedWeapon,Hour_5_MostUsedWeapon,Hour_6_MostUsedWeapon,Hour_7_MostUsedWeapon,Hour_8_MostUsedWeapon,Hour_9_MostUsedWeapon,Hour_10_MostUsedWeapon,Hour_11_MostUsedWeapon,Hour_12_MostUsedWeapon,Hour_13_MostUsedWeapon,Hour_14_MostUsedWeapon,Hour_15_MostUsedWeapon,Hour_16_MostUsedWeapon,Hour_17_MostUsedWeapon,Hour_18_MostUsedWeapon,Hour_19_MostUsedWeapon,Hour_20_MostUsedWeapon,Hour_21_MostUsedWeapon,Hour_22_MostUsedWeapon,Hour_23_MostUsedWeapon
2014,Topanga,0,0,0,0,0,0,0,0,0,0,0,0,0,0,0,0,0,0,0,0,0,1,0,0,0.0,0.0,0.0,0.0,0.0,0.0,0.0,0.0,0.0,0.0,0.0,0.0,0.0,0.0,0.0,0.0,0.0,0.0,0.0,0.0,0.0,0.0,0.0,0.0,,,,,,,,,,,,,,,,,,,,,,,,
2018,Central,0,0,0,0,0,1,0,0,0,0,0,0,0,0,0,0,0,0,0,0,0,0,0,0,0.0,0.0,0.0,0.0,0.0,0.0,0.0,0.0,0.0,0.0,0.0,0.0,0.0,0.0,0.0,0.0,0.0,0.0,0.0,0.0,0.0,0.0,0.0,0.0,,,,,,,,,,,,,,,,,,,,,,,,
2020,77th Street,586,417,372,298,256,204,272,360,482,422,539,552,779,598,673,697,669,801,798,723,780,702,705,594,50.170648464163826,56.35491606714629,56.72043010752689,44.63087248322148,47.65625,41.17647058823529,43.38235294117647,44.44444444444444,41.90871369294606,46.44549763033176,47.680890538033395,53.985507246376805,47.625160462130935,52.84280936454849,55.86924219910847,51.64992826398852,53.36322869955157,50.06242197253433,47.4937343358396,53.665283540802214,49.871794871794876,51.13960113960114,52.34042553191489,51.178451178451176,BRUTE FORCE,BRUTE FORCE,BRUTE FORCE,BRUTE FORCE,BRUTE FORCE,BRUTE FORCE,BRUTE FORCE,BRUTE FORCE,BRUTE FORCE,BRUTE FORCE,BRUTE FORCE,BRUTE FORCE,BRUTE FORCE,BRUTE FORCE,BRUTE FORCE,BRUTE FORCE,BRUTE FORCE,BRUTE FORCE,BRUTE FORCE,BRUTE FORCE,BRUTE FORCE,BRUTE FORCE,BRUTE FORCE,BRUTE FORCE
2020,Central,440,389,346,263,218,232,256,319,454,430,500,502,735,505,609,601,607,581,641,662,596,589,563,467,52.72727272727272,50.38560411311054,53.179190751445084,49.42965779467681,52.752293577981646,47.41379310344828,40.234375,49.52978056426332,45.37444933920705,49.30232558139535,44.4,45.21912350597609,36.3265306122449,43.960396039603964,41.70771756978653,43.09484193011647,42.50411861614498,41.13597246127367,42.12168486739469,38.368580060422964,37.41610738255034,46.349745331069606,44.760213143872114,53.96145610278372,BRUTE FORCE,BRUTE FORCE,BRUTE FORCE,BRUTE FORCE,BRUTE FORCE,BRUTE FORCE,BRUTE FORCE,BRUTE FORCE,BRUTE FORCE,BRUTE FORCE,BRUTE FORCE,BRUTE FORCE,BRUTE FORCE,BRUTE FORCE,BRUTE FORCE,BRUTE FORCE,BRUTE FORCE,BRUTE FORCE,BRUTE FORCE,BRUTE FORCE,BRUTE FORCE,BRUTE FORCE,BRUTE FORCE,BRUTE FORCE
2020,Devonshire,281,201,186,136,137,143,175,198,287,241,359,336,677,375,421,460,453,504,510,415,428,421,288,304,30.96085409252669,34.32835820895522,37.096774193548384,26.47058823529412,29.1970802919708,22.377622377622377,24.0,23.232323232323232,23.34494773519164,25.311203319502074,31.197771587743734,25.595238095238095,21.56573116691285,32.0,25.415676959619955,26.304347826086953,27.373068432671083,25.595238095238095,23.52941176470588,28.915662650602407,29.906542056074763,36.57957244655582,35.41666666666667,33.223684210526315,BRUTE FORCE,BRUTE FORCE,BRUTE FORCE,BRUTE FORCE,BRUTE FORCE,BRUTE FORCE,BRUTE FORCE,BRUTE FORCE,BRUTE FORCE,BRUTE FORCE,BRUTE FORCE,BRUTE FORCE,BRUTE FORCE,BRUTE FORCE,BRUTE FORCE,BRUTE FORCE,BRUTE FORCE,BRUTE FORCE,BRUTE FORCE,BRUTE FORCE,BRUTE FORCE,BRUTE FORCE,BRUTE FORCE,BRUTE FORCE
2020,Foothill,229,196,165,126,120,113,155,179,260,255,306,280,529,310,307,399,377,432,464,404,441,366,361,267,40.174672489082965,45.40816326530612,38.78787878787879,38.095238095238095,40.833333333333336,25.663716814159294,30.32258064516129,28.49162011173184,36.15384615384615,31.76470588235294,34.64052287581699,37.142857142857146,26.08695652173913,30.967741935483872,30.618892508143325,38.59649122807017,37.6657824933687,38.425925925925924,29.094827586206897,38.613861386138616,38.54875283446712,41.80327868852459,38.78116343490305,43.445692883895134,BRUTE FORCE,BRUTE FORCE,BRUTE FORCE,BRUTE FORCE,BRUTE FORCE,BRUTE FORCE,BRUTE FORCE,BRUTE FORCE,BRUTE FORCE,BRUTE FORCE,BRUTE FORCE,BRUTE FORCE,BRUTE FORCE,BRUTE FORCE,BRUTE FORCE,BRUTE FORCE,BRUTE FORCE,BRUTE FORCE,BRUTE FORCE,BRUTE FORCE,BRUTE FORCE,BRUTE FORCE,BRUTE FORCE,BRUTE FORCE
2020,Harbor,448,253,209,231,185,167,190,215,251,283,344,313,552,350,417,459,456,515,604,509,526,467,456,430,34.375,37.15415019762846,38.27751196172249,32.467532467532465,29.18918918918919,25.748502994011975,25.789473684210527,35.81395348837209,25.89641434262948,36.74911660777385,34.30232558139535,34.82428115015975,29.71014492753623,38.285714285714285,34.05275779376499,29.411764705882355,32.23684210526316,31.456310679611647,31.62251655629139,37.721021611001966,36.50190114068441,39.186295503211994,41.00877192982456,45.348837209302324,BRUTE FORCE,BRUTE FORCE,BRUTE FORCE,BRUTE FORCE,BRUTE FORCE,BRUTE FORCE,BRUTE FORCE,BRUTE FORCE,BRUTE FORCE,BRUTE FORCE,BRUTE FORCE,BRUTE FORCE,BRUTE FORCE,BRUTE FORCE,BRUTE FORCE,BRUTE FORCE,BRUTE FORCE,BRUTE FORCE,BRUTE FORCE,BRUTE FORCE,BRUTE FORCE,BRUTE FORCE,BRUTE FORCE,BRUTE FORCE
2020,Hollenbeck,308,240,194,177,152,140,169,185,230,241,317,305,499,354,346,416,419,458,502,451,529,433,394,321,38.311688311688314,50.416666666666664,42.78350515463917,31.63841807909605,38.15789473684211,30.714285714285715,23.668639053254438,27.56756756756757,27.82608695652174,34.439834024896264,34.06940063091483,38.68852459016394,30.060120240480963,43.78531073446328,34.104046242774565,33.65384615384615,37.70883054892602,35.37117903930131,38.24701195219124,37.028824833702885,37.61814744801512,42.032332563510394,40.86294416243655,35.82554517133956,BRUTE FORCE,BRUTE FORCE,BRUTE FORCE,BRUTE FORCE,BRUTE FORCE,BRUTE FORCE,BRUTE FORCE,BRUTE FORCE,BRUTE FORCE,BRUTE FORCE,BRUTE FORCE,BRUTE FORCE,BRUTE FORCE,BRUTE FORCE,BRUTE FORCE,BRUTE FORCE,BRUTE FORCE,BRUTE FORCE,BRUTE FORCE,BRUTE FORCE,BRUTE FORCE,BRUTE FORCE,BRUTE FORCE,BRUTE FORCE
2020,Hollywood,477,353,301,257,184,170,203,201,327,384,423,389,717,470,492,525,520,625,547,533,550,500,485,472,41.090146750524106,51.55807365439094,51.162790697674424,50.19455252918288,53.80434782608695,41.17647058823529,38.91625615763547,41.7910447761194,35.47400611620795,35.15625,38.77068557919622,36.760925449871465,32.07810320781032,33.191489361702125,35.56910569105691,35.23809523809524,35.76923076923077,37.12,35.64899451553931,39.02439024390244,36.54545454545455,39.0,43.91752577319588,44.27966101694915,BRUTE FORCE,BRUTE FORCE,BRUTE FORCE,BRUTE FORCE,BRUTE FORCE,BRUTE FORCE,BRUTE FORCE,BRUTE FORCE,BRUTE FORCE,BRUTE FORCE,BRUTE FORCE,BRUTE FORCE,BRUTE FORCE,BRUTE FORCE,BRUTE FORCE,BRUTE FORCE,BRUTE FORCE,BRUTE FORCE,BRUTE FORCE,BRUTE FORCE,BRUTE FORCE,BRUTE FORCE,BRUTE FORCE,BRUTE FORCE
2020,Mission,311,248,181,176,147,139,196,228,294,274,306,337,602,368,368,436,471,489,533,469,546,471,446,382,37.942122186495176,41.935483870967744,37.569060773480665,25.568181818181817,31.292517006802722,23.021582733812952,36.734693877551024,29.385964912280706,32.31292517006803,31.386861313868614,29.08496732026144,37.68545994065282,30.564784053156146,33.96739130434783,36.41304347826087,31.422018348623855,32.05944798301486,29.243353783231086,35.647279549718576,31.982942430703627,31.868131868131865,40.552016985138,40.582959641255606,43.717277486910994,BRUTE FORCE,BRUTE FORCE,BRUTE FORCE,BRUTE FORCE,BRUTE FORCE,BRUTE FORCE,BRUTE FORCE,BRUTE FORCE,BRUTE FORCE,BRUTE FORCE,BRUTE FORCE,BRUTE FORCE,BRUTE FORCE,BRUTE FORCE,BRUTE FORCE,BRUTE FORCE,BRUTE FORCE,BRUTE FORCE,BRUTE FORCE,BRUTE FORCE,BRUTE FORCE,BRUTE FORCE,BRUTE FORCE,BRUTE FORCE
2020,N Hollywood,406,307,228,239,220,177,195,198,350,340,434,415,746,455,556,533,580,593,613,562,535,511,503,427,28.32512315270936,35.50488599348534,32.45614035087719,25.523012552301257,25.0,20.33898305084746,21.53846153846154,26.767676767676768,25.142857142857146,28.823529411764703,27.64976958525346,28.19277108433735,24.396782841823057,30.54945054945055,28.9568345323741,30.58161350844278,27.241379310344826,26.30691399662732,22.185970636215334,25.97864768683274,27.850467289719628,33.07240704500978,33.79721669980119,30.44496487119438,BRUTE FORCE,BRUTE FORCE,BRUTE FORCE,BRUTE FORCE,BRUTE FORCE,BRUTE FORCE,BRUTE FORCE,BRUTE FORCE,BRUTE FORCE,BRUTE FORCE,BRUTE FORCE,BRUTE FORCE,BRUTE FORCE,BRUTE FORCE,BRUTE FORCE,BRUTE FORCE,BRUTE FORCE,BRUTE FORCE,BRUTE FORCE,BRUTE FORCE,BRUTE FORCE,BRUTE FORCE,BRUTE FORCE,BRUTE FORCE
2020,Newton,373,312,260,203,207,196,220,258,397,331,392,425,614,427,456,521,545,613,607,528,610,526,500,428,42.0911528150134,50.0,40.76923076923077,34.48275862068966,38.164251207729464,39.795918367346935,33.18181818181819,35.65891472868217,36.272040302267,40.483383685800604,46.42857142857143,50.35294117647059,36.644951140065146,47.540983606557376,38.377192982456144,43.37811900191939,42.38532110091743,43.3931484502447,38.220757825370676,39.96212121212121,40.32786885245901,45.247148288973385,40.8,48.36448598130841,BRUTE FORCE,BRUTE FORCE,BRUTE FORCE,BRUTE FORCE,BRUTE FORCE,BRUTE FORCE,BRUTE FORCE,BRUTE FORCE,BRUTE FORCE,BRUTE FORCE,BRUTE FORCE,BRUTE FORCE,BRUTE FORCE,BRUTE FORCE,BRUTE FORCE,BRUTE FORCE,BRUTE FORCE,BRUTE FORCE,BRUTE FORCE,BRUTE FORCE,BRUTE FORCE,BRUTE FORCE,BRUTE FORCE,BRUTE FORCE
2020,Northeast,320,187,173,171,129,140,178,210,315,317,386,392,589,381,440,481,437,529,544,502,485,397,362,346,30.312499999999996,41.17647058823529,34.68208092485549,36.25730994152047,24.8062015503876,24.285714285714285,21.910112359550563,31.9047619047619,27.61904761904762,28.706624605678233,26.94300518134715,30.357142857142854,28.01358234295416,33.85826771653544,27.045454545454543,29.93762993762994,27.23112128146453,29.111531190926275,27.573529411764707,31.872509960159363,31.958762886597935,34.005037783375315,33.97790055248619,32.947976878612714,BRUTE FORCE,BRUTE FORCE,BRUTE FORCE,BRUTE FORCE,BRUTE FORCE,BRUTE FORCE,BRUTE FORCE,BRUTE FORCE,BRUTE FORCE,BRUTE FORCE,BRUTE FORCE,BRUTE FORCE,BRUTE FORCE,BRUTE FORCE,BRUTE FORCE,BRUTE FORCE,BRUTE FORCE,BRUTE FORCE,BRUTE FORCE,BRUTE FORCE,BRUTE FORCE,BRUTE FORCE,BRUTE FORCE,BRUTE FORCE
2020,Olympic,484,304,284,220,168,196,216,214,304,373,393,390,580,394,425,466,526,609,538,554,546,490,507,419,41.735537190082646,43.75,44.71830985915493,36.81818181818181,37.5,37.244897959183675,36.11111111111111,36.44859813084112,32.23684210526316,35.388739946380696,35.11450381679389,37.17948717948718,32.93103448275862,39.08629441624365,41.411764705882355,34.33476394849785,40.49429657794677,36.94581280788177,35.687732342007436,39.53068592057762,38.27838827838828,42.04081632653061,42.80078895463511,45.58472553699284,BRUTE FORCE,BRUTE FORCE,BRUTE FORCE,BRUTE FORCE,BRUTE FORCE,BRUTE FORCE,BRUTE FORCE,BRUTE FORCE,BRUTE FORCE,BRUTE FORCE,BRUTE FORCE,BRUTE FORCE,BRUTE FORCE,BRUTE FORCE,BRUTE FORCE,BRUTE FORCE,BRUTE FORCE,BRUTE FORCE,BRUTE FORCE,BRUTE FORCE,BRUTE FORCE,BRUTE FORCE,BRUTE FORCE,BRUTE FORCE
2020,Pacific,465,324,282,214,203,199,231,283,391,427,458,561,784,492,605,670,612,675,745,658,626,606,554,440,35.053763440860216,33.641975308641975,31.914893617021278,33.64485981308411,32.51231527093596,25.628140703517587,21.645021645021643,25.08833922261484,27.877237851662407,31.381733021077284,24.23580786026201,29.946524064171122,22.321428571428573,30.081300813008134,26.942148760330582,27.761194029850746,28.104575163398692,30.074074074074076,31.812080536912752,31.458966565349545,29.87220447284345,30.85808580858086,30.685920577617328,35.45454545454545,BRUTE FORCE,BRUTE FORCE,BRUTE FORCE,BRUTE FORCE,BRUTE FORCE,BRUTE FORCE,BRUTE FORCE,BRUTE FORCE,BRUTE FORCE,BRUTE FORCE,BRUTE FORCE,BRUTE FORCE,BRUTE FORCE,BRUTE FORCE,BRUTE FORCE,BRUTE FORCE,BRUTE FORCE,BRUTE FORCE,BRUTE FORCE,BRUTE FORCE,BRUTE FORCE,BRUTE FORCE,BRUTE FORCE,BRUTE FORCE
2020,Rampart,374,247,213,203,164,129,159,235,311,347,365,366,573,388,421,490,467,571,576,490,581,472,455,391,45.18716577540107,53.036437246963565,54.929577464788736,53.20197044334976,48.78048780487805,37.98449612403101,38.36477987421384,45.1063829787234,38.263665594855304,39.76945244956772,42.73972602739726,49.72677595628415,37.696335078534034,45.618556701030926,41.56769596199525,39.183673469387756,42.61241970021413,37.478108581436075,39.75694444444444,40.61224489795918,43.71772805507745,48.09322033898305,42.857142857142854,47.82608695652174,BRUTE FORCE,BRUTE FORCE,BRUTE FORCE,BRUTE FORCE,BRUTE FORCE,BRUTE FORCE,BRUTE FORCE,BRUTE FORCE,BRUTE FORCE,BRUTE FORCE,BRUTE FORCE,BRUTE FORCE,BRUTE FORCE,BRUTE FORCE,BRUTE FORCE,BRUTE FORCE,BRUTE FORCE,BRUTE FORCE,BRUTE FORCE,BRUTE FORCE,BRUTE FORCE,BRUTE FORCE,BRUTE FORCE,BRUTE FORCE
2020,Southeast,439,334,301,235,189,168,170,253,368,335,457,453,618,506,512,522,592,652,642,659,598,592,620,551,52.16400911161732,62.27544910179641,59.136212624584715,57.02127659574469,58.201058201058196,52.38095238095239,48.8235294117647,47.82608695652174,50.27173913043478,54.02985074626866,54.70459518599562,55.62913907284768,44.983818770226534,54.1501976284585,60.7421875,55.172413793103445,53.20945945945946,51.99386503067485,55.295950155763244,54.17298937784521,55.51839464882943,58.27702702702703,53.064516129032256,61.524500907441016,BRUTE FORCE,BRUTE FORCE,BRUTE FORCE,BRUTE FORCE,BRUTE FORCE,BRUTE FORCE,BRUTE FORCE,BRUTE FORCE,BRUTE FORCE,BRUTE FORCE,BRUTE FORCE,BRUTE FORCE,BRUTE FORCE,BRUTE FORCE,BRUTE FORCE,BRUTE FORCE,BRUTE FORCE,BRUTE FORCE,BRUTE FORCE,BRUTE FORCE,BRUTE FORCE,BRUTE FORCE,BRUTE FORCE,BRUTE FORCE
2020,Southwest,453,315,251,232,162,168,211,296,393,468,482,518,723,542,563,652,578,624,645,637,599,554,605,461,45.47461368653421,44.12698412698413,45.81673306772908,40.94827586206897,43.82716049382716,36.30952380952381,38.862559241706165,38.17567567567568,30.53435114503817,38.46153846153847,45.43568464730291,47.2972972972973,37.6210235131397,39.11439114391143,41.03019538188277,44.47852760736196,41.86851211072664,40.705128205128204,40.62015503875969,40.031397174254316,43.906510851419036,47.11191335740072,47.93388429752066,50.759219088937094,BRUTE FORCE,BRUTE FORCE,BRUTE FORCE,BRUTE FORCE,BRUTE FORCE,BRUTE FORCE,BRUTE FORCE,BRUTE FORCE,BRUTE FORCE,BRUTE FORCE,BRUTE FORCE,BRUTE FORCE,BRUTE FORCE,BRUTE FORCE,BRUTE FORCE,BRUTE FORCE,BRUTE FORCE,BRUTE FORCE,BRUTE FORCE,BRUTE FORCE,BRUTE FORCE,BRUTE FORCE,BRUTE FORCE,BRUTE FORCE
2020,Topanga,273,209,180,155,145,116,125,151,306,289,354,357,670,376,424,419,443,490,501,485,505,390,404,313,33.33333333333333,36.36363636363637,33.33333333333333,31.61290322580645,24.137931034482758,29.310344827586203,26.400000000000002,29.80132450331126,20.915032679738562,21.10726643598616,28.24858757062147,31.652661064425768,20.746268656716417,29.25531914893617,23.11320754716981,26.49164677804296,28.216704288939056,26.73469387755102,22.75449101796407,33.81443298969072,28.910891089108908,33.07692307692307,34.65346534653465,42.17252396166134,BRUTE FORCE,BRUTE FORCE,BRUTE FORCE,BRUTE FORCE,BRUTE FORCE,BRUTE FORCE,BRUTE FORCE,BRUTE FORCE,BRUTE FORCE,BRUTE FORCE,BRUTE FORCE,BRUTE FORCE,BRUTE FORCE,BRUTE FORCE,BRUTE FORCE,BRUTE FORCE,BRUTE FORCE,BRUTE FORCE,BRUTE FORCE,BRUTE FORCE,BRUTE FORCE,BRUTE FORCE,BRUTE FORCE,BRUTE FORCE
2020,Van Nuys,341,235,211,183,143,159,160,191,304,303,350,372,701,383,397,456,493,572,594,462,536,432,397,361,29.32551319648094,33.191489361702125,27.488151658767773,26.229508196721312,23.776223776223777,23.270440251572328,30.625000000000004,27.225130890052355,23.355263157894736,30.363036303630363,28.000000000000004,36.29032258064516,20.256776034236804,34.20365535248042,26.952141057934508,27.850877192982455,26.97768762677485,27.447552447552447,28.619528619528616,32.683982683982684,29.291044776119403,37.96296296296296,40.302267002518896,34.903047091412745,BRUTE FORCE,BRUTE FORCE,BRUTE FORCE,BRUTE FORCE,BRUTE FORCE,BRUTE FORCE,BRUTE FORCE,BRUTE FORCE,BRUTE FORCE,BRUTE FORCE,BRUTE FORCE,BRUTE FORCE,BRUTE FORCE,BRUTE FORCE,BRUTE FORCE,BRUTE FORCE,BRUTE FORCE,BRUTE FORCE,BRUTE FORCE,BRUTE FORCE,BRUTE FORCE,BRUTE FORCE,BRUTE FORCE,BRUTE FORCE
2020,West LA,394,247,201,195,163,133,124,183,426,358,401,394,696,471,474,522,574,637,591,458,501,423,368,335,16.751269035532996,26.31578947368421,29.35323383084577,18.461538461538463,15.950920245398773,22.55639097744361,23.387096774193548,28.415300546448087,18.30985915492958,18.156424581005588,25.187032418952622,22.33502538071066,18.103448275862068,26.11464968152866,23.839662447257385,22.988505747126435,24.041811846689896,19.937205651491364,19.796954314720814,26.200873362445414,23.75249500998004,32.860520094562645,24.184782608695652,27.46268656716418,BRUTE FORCE,BRUTE FORCE,BRUTE FORCE,BRUTE FORCE,BRUTE FORCE,BRUTE FORCE,BRUTE FORCE,BRUTE FORCE,BRUTE FORCE,BRUTE FORCE,BRUTE FORCE,BRUTE FORCE,BRUTE FORCE,BRUTE FORCE,BRUTE FORCE,BRUTE FORCE,BRUTE FORCE,BRUTE FORCE,BRUTE FORCE,BRUTE FORCE,BRUTE FORCE,BRUTE FORCE,BRUTE FORCE,BRUTE FORCE
2020,West Valley,330,242,211,182,151,137,160,173,313,316,336,306,596,402,398,414,400,460,475,443,431,455,390,330,32.72727272727273,42.97520661157025,27.96208530805687,28.57142857142857,19.205298013245034,23.357664233576642,20.0,27.167630057803464,25.878594249201274,27.848101265822784,27.083333333333332,36.27450980392157,23.322147651006713,35.07462686567165,25.879396984924625,34.05797101449276,30.25,28.47826086956522,31.57894736842105,33.40857787810384,33.4106728538283,38.02197802197802,34.87179487179487,35.75757575757576,BRUTE FORCE,BRUTE FORCE,BRUTE FORCE,BRUTE FORCE,BRUTE FORCE,BRUTE FORCE,BRUTE FORCE,BRUTE FORCE,BRUTE FORCE,BRUTE FORCE,BRUTE FORCE,BRUTE FORCE,BRUTE FORCE,BRUTE FORCE,BRUTE FORCE,BRUTE FORCE,BRUTE FORCE,BRUTE FORCE,BRUTE FORCE,BRUTE FORCE,BRUTE FORCE,BRUTE FORCE,BRUTE FORCE,BRUTE FORCE
2020,Wilshire,329,197,187,165,147,120,186,196,307,345,420,402,701,462,541,584,563,606,553,537,503,429,406,319,32.52279635258359,35.53299492385787,29.946524064171122,21.818181818181817,28.57142857142857,28.333333333333332,24.731182795698924,25.510204081632654,28.990228013029316,33.91304347826087,28.57142857142857,32.33830845771145,19.828815977175463,31.38528138528138,29.20517560073937,27.56849315068493,28.95204262877442,23.26732673267327,30.018083182640144,30.726256983240223,33.59840954274354,32.634032634032636,34.72906403940887,33.22884012539185,BRUTE FORCE,BRUTE FORCE,BRUTE FORCE,BRUTE FORCE,BRUTE FORCE,BRUTE FORCE,BRUTE FORCE,BRUTE FORCE,BRUTE FORCE,BRUTE FORCE,BRUTE FORCE,BRUTE FORCE,BRUTE FORCE,BRUTE FORCE,BRUTE FORCE,BRUTE FORCE,BRUTE FORCE,BRUTE FORCE,BRUTE FORCE,BRUTE FORCE,BRUTE FORCE,BRUTE FORCE,BRUTE FORCE,BRUTE FORCE
2021,77th Street,536,397,363,300,238,229,304,350,504,442,541,577,824,582,596,658,640,730,757,732,712,749,670,597,53.17164179104478,59.44584382871536,55.64738292011019,56.666666666666664,49.57983193277311,44.97816593886463,40.46052631578947,41.714285714285715,42.06349206349206,42.76018099547511,49.53789279112754,51.64644714038128,46.480582524271846,51.03092783505154,53.85906040268457,52.27963525835866,50.0,47.80821917808219,48.87714663143989,52.459016393442624,53.37078651685393,52.20293724966623,49.701492537313435,53.936348408710224,BRUTE FORCE,BRUTE FORCE,BRUTE FORCE,BRUTE FORCE,BRUTE FORCE,BRUTE FORCE,BRUTE FORCE,BRUTE FORCE,BRUTE FORCE,BRUTE FORCE,BRUTE FORCE,BRUTE FORCE,BRUTE FORCE,BRUTE FORCE,BRUTE FORCE,BRUTE FORCE,BRUTE FORCE,BRUTE FORCE,BRUTE FORCE,BRUTE FORCE,BRUTE FORCE,BRUTE FORCE,BRUTE FORCE,BRUTE FORCE
2021,Central,507,416,397,316,247,250,298,386,475,486,554,596,835,601,608,733,659,712,729,687,748,650,651,586,47.928994082840234,50.96153846153846,52.896725440806044,53.16455696202531,50.20242914979757,48.4,45.302013422818796,42.2279792746114,41.68421052631579,46.913580246913575,43.86281588447653,42.281879194630875,35.808383233532936,42.26289517470882,43.91447368421053,38.199181446111865,40.819423368740516,37.359550561797754,34.01920438957476,36.24454148471616,36.49732620320856,36.92307692307693,39.477726574500764,44.88054607508533,BRUTE FORCE,BRUTE FORCE,BRUTE FORCE,BRUTE FORCE,BRUTE FORCE,BRUTE FORCE,BRUTE FORCE,BRUTE FORCE,BRUTE FORCE,BRUTE FORCE,BRUTE FORCE,BRUTE FORCE,BRUTE FORCE,BRUTE FORCE,BRUTE FORCE,BRUTE FORCE,BRUTE FORCE,BRUTE FORCE,BRUTE FORCE,BRUTE FORCE,BRUTE FORCE,BRUTE FORCE,BRUTE FORCE,BRUTE FORCE
2021,Devonshire,312,219,186,185,163,113,168,202,348,287,387,343,644,395,419,467,465,509,515,527,436,448,373,344,32.69230769230769,35.15981735159817,27.956989247311824,21.62162162162162,22.085889570552148,19.469026548672566,20.238095238095237,20.2970297029703,22.701149425287355,26.132404181184672,19.379844961240313,23.323615160349853,21.11801242236025,22.531645569620252,25.53699284009546,29.1220556745182,26.451612903225808,24.557956777996072,28.155339805825243,25.806451612903224,31.19266055045872,28.794642857142854,29.49061662198391,32.26744186046512,BRUTE FORCE,BRUTE FORCE,BRUTE FORCE,BRUTE FORCE,BRUTE FORCE,BRUTE FORCE,BRUTE FORCE,BRUTE FORCE,BRUTE FORCE,BRUTE FORCE,BRUTE FORCE,BRUTE FORCE,BRUTE FORCE,BRUTE FORCE,BRUTE FORCE,BRUTE FORCE,BRUTE FORCE,BRUTE FORCE,BRUTE FORCE,BRUTE FORCE,BRUTE FORCE,BRUTE FORCE,BRUTE FORCE,BRUTE FORCE
2021,Foothill,248,206,153,164,123,123,156,175,266,256,271,327,534,366,340,353,396,408,406,371,411,326,336,295,48.79032258064516,39.32038834951456,39.21568627450981,40.853658536585364,29.268292682926827,26.01626016260163,31.41025641025641,27.42857142857143,28.57142857142857,31.25,36.53136531365313,35.47400611620795,27.340823970037455,25.683060109289617,37.05882352941177,29.745042492917843,34.090909090909086,26.96078431372549,26.84729064039409,35.84905660377358,37.95620437956204,34.66257668711656,38.69047619047619,41.35593220338983,BRUTE FORCE,BRUTE FORCE,BRUTE FORCE,BRUTE FORCE,BRUTE FORCE,BRUTE FORCE,BRUTE FORCE,BRUTE FORCE,BRUTE FORCE,BRUTE FORCE,BRUTE FORCE,BRUTE FORCE,BRUTE FORCE,BRUTE FORCE,BRUTE FORCE,BRUTE FORCE,BRUTE FORCE,BRUTE FORCE,BRUTE FORCE,BRUTE FORCE,BRUTE FORCE,BRUTE FORCE,BRUTE FORCE,BRUTE FORCE
2021,Harbor,385,239,239,208,160,160,186,274,325,317,401,385,545,392,418,391,445,551,491,469,502,503,470,354,36.103896103896105,40.1673640167364,38.07531380753138,38.94230769230769,30.0,27.500000000000004,24.731182795698924,28.832116788321166,32.92307692307692,38.170347003154575,34.66334164588529,37.922077922077925,31.009174311926607,35.96938775510204,33.49282296650718,35.54987212276215,39.325842696629216,32.12341197822142,34.21588594704684,33.90191897654584,34.66135458167331,41.35188866799205,42.12765957446808,38.983050847457626,BRUTE FORCE,BRUTE FORCE,BRUTE FORCE,BRUTE FORCE,BRUTE FORCE,BRUTE FORCE,BRUTE FORCE,BRUTE FORCE,BRUTE FORCE,BRUTE FORCE,BRUTE FORCE,BRUTE FORCE,BRUTE FORCE,BRUTE FORCE,BRUTE FORCE,BRUTE FORCE,BRUTE FORCE,BRUTE FORCE,BRUTE FORCE,BRUTE FORCE,BRUTE FORCE,BRUTE FORCE,BRUTE FORCE,BRUTE FORCE
2021,Hollenbeck,307,241,216,173,156,167,185,211,262,231,344,321,438,383,380,381,431,461,492,456,516,444,434,333,43.32247557003257,48.13278008298755,45.370370370370374,36.41618497109826,26.923076923076923,28.143712574850298,30.270270270270274,27.014218009478675,29.770992366412212,37.66233766233766,31.3953488372093,42.99065420560748,33.56164383561644,41.514360313315926,37.10526315789473,36.22047244094488,35.266821345707655,32.53796095444685,34.146341463414636,38.15789473684211,42.44186046511628,43.69369369369369,41.935483870967744,40.54054054054054,BRUTE FORCE,BRUTE FORCE,BRUTE FORCE,BRUTE FORCE,BRUTE FORCE,BRUTE FORCE,BRUTE FORCE,BRUTE FORCE,BRUTE FORCE,BRUTE FORCE,BRUTE FORCE,BRUTE FORCE,BRUTE FORCE,BRUTE FORCE,BRUTE FORCE,BRUTE FORCE,BRUTE FORCE,BRUTE FORCE,BRUTE FORCE,BRUTE FORCE,BRUTE FORCE,BRUTE FORCE,BRUTE FORCE,BRUTE FORCE
2021,Hollywood,569,462,404,288,253,261,250,267,373,448,537,522,807,590,540,629,630,593,580,600,603,599,629,624,43.936731107205624,48.701298701298704,58.91089108910891,50.69444444444444,47.03557312252965,49.42528735632184,46.800000000000004,43.445692883895134,40.75067024128686,35.9375,38.361266294227185,35.63218390804598,32.71375464684015,40.0,41.85185185185185,36.56597774244833,42.06349206349206,34.73861720067454,35.3448275862069,36.333333333333336,38.97180762852405,41.40233722871452,41.65341812400636,42.94871794871795,BRUTE FORCE,BRUTE FORCE,BRUTE FORCE,BRUTE FORCE,BRUTE FORCE,BRUTE FORCE,BRUTE FORCE,BRUTE FORCE,BRUTE FORCE,BRUTE FORCE,BRUTE FORCE,BRUTE FORCE,BRUTE FORCE,BRUTE FORCE,BRUTE FORCE,BRUTE FORCE,BRUTE FORCE,BRUTE FORCE,BRUTE FORCE,BRUTE FORCE,BRUTE FORCE,BRUTE FORCE,BRUTE FORCE,BRUTE FORCE
2021,Mission,312,218,193,187,162,133,192,235,290,283,339,339,592,351,394,421,436,470,466,450,459,424,448,381,36.858974358974365,44.4954128440367,33.67875647668394,34.75935828877005,31.48148148148148,21.804511278195488,26.5625,25.53191489361702,25.17241379310345,22.968197879858657,25.073746312684364,30.973451327433626,25.675675675675674,31.62393162393162,34.263959390862944,28.741092636579573,34.403669724770644,33.829787234042556,36.05150214592275,33.77777777777778,36.165577342047925,40.33018867924528,38.61607142857143,40.419947506561684,BRUTE FORCE,BRUTE FORCE,BRUTE FORCE,BRUTE FORCE,BRUTE FORCE,BRUTE FORCE,BRUTE FORCE,BRUTE FORCE,BRUTE FORCE,BRUTE FORCE,BRUTE FORCE,BRUTE FORCE,BRUTE FORCE,BRUTE FORCE,BRUTE FORCE,BRUTE FORCE,BRUTE FORCE,BRUTE FORCE,BRUTE FORCE,BRUTE FORCE,BRUTE FORCE,BRUTE FORCE,BRUTE FORCE,BRUTE FORCE
2021,N Hollywood,419,353,301,277,221,223,219,275,379,365,489,480,719,465,521,588,531,633,666,596,614,560,532,464,33.17422434367542,37.6770538243626,31.893687707641195,29.96389891696751,21.71945701357466,21.076233183856502,22.831050228310502,27.27272727272727,27.176781002638524,22.465753424657535,25.562372188139058,29.791666666666668,23.783031988873436,26.236559139784948,26.48752399232246,27.55102040816326,23.91713747645951,27.014218009478675,22.07207207207207,25.671140939597315,26.87296416938111,29.464285714285715,28.383458646616543,32.974137931034484,BRUTE FORCE,BRUTE FORCE,BRUTE FORCE,BRUTE FORCE,BRUTE FORCE,BRUTE FORCE,BRUTE FORCE,BRUTE FORCE,BRUTE FORCE,BRUTE FORCE,BRUTE FORCE,BRUTE FORCE,BRUTE FORCE,BRUTE FORCE,BRUTE FORCE,BRUTE FORCE,BRUTE FORCE,BRUTE FORCE,BRUTE FORCE,BRUTE FORCE,BRUTE FORCE,BRUTE FORCE,BRUTE FORCE,BRUTE FORCE
2021,Newton,373,350,256,218,191,174,201,255,375,367,405,416,601,446,490,473,526,605,634,564,560,496,490,397,45.84450402144772,48.0,48.046875,39.908256880733944,37.696335078534034,35.63218390804598,37.3134328358209,36.07843137254902,36.266666666666666,40.87193460490463,45.67901234567901,44.47115384615385,37.2712146422629,46.18834080717489,46.73469387755102,48.20295983086681,49.619771863117876,43.80165289256198,42.11356466876971,38.12056737588653,42.5,39.516129032258064,40.40816326530612,45.5919395465995,BRUTE FORCE,BRUTE FORCE,BRUTE FORCE,BRUTE FORCE,BRUTE FORCE,BRUTE FORCE,BRUTE FORCE,BRUTE FORCE,BRUTE FORCE,BRUTE FORCE,BRUTE FORCE,BRUTE FORCE,BRUTE FORCE,BRUTE FORCE,BRUTE FORCE,BRUTE FORCE,BRUTE FORCE,BRUTE FORCE,BRUTE FORCE,BRUTE FORCE,BRUTE FORCE,BRUTE FORCE,BRUTE FORCE,BRUTE FORCE
2021,Northeast,399,224,177,190,157,154,181,242,324,358,394,409,651,445,477,508,519,528,564,546,527,489,440,406,32.83208020050125,33.92857142857143,25.423728813559322,36.31578947368421,22.929936305732486,18.181818181818183,19.337016574585636,28.92561983471074,20.37037037037037,27.37430167597765,24.873096446700508,28.606356968215156,21.812596006144393,29.438202247191008,25.78616352201258,23.031496062992126,25.240847784200387,23.674242424242426,25.53191489361702,26.190476190476193,29.98102466793169,30.470347648261757,32.27272727272727,34.23645320197045,BRUTE FORCE,BRUTE FORCE,BRUTE FORCE,BRUTE FORCE,BRUTE FORCE,BRUTE FORCE,BRUTE FORCE,BRUTE FORCE,BRUTE FORCE,BRUTE FORCE,BRUTE FORCE,BRUTE FORCE,BRUTE FORCE,BRUTE FORCE,BRUTE FORCE,BRUTE FORCE,BRUTE FORCE,BRUTE FORCE,BRUTE FORCE,BRUTE FORCE,BRUTE FORCE,BRUTE FORCE,BRUTE FORCE,BRUTE FORCE
2021,Olympic,396,347,304,243,234,195,235,241,391,421,485,489,746,485,510,514,570,595,623,574,575,542,579,503,39.64646464646464,47.262247838616716,46.381578947368425,39.09465020576132,36.324786324786324,41.02564102564102,37.4468085106383,35.26970954356847,29.411764705882355,30.403800475059384,36.28865979381443,38.036809815950924,31.769436997319033,40.20618556701031,36.86274509803922,37.7431906614786,31.2280701754386,34.11764705882353,31.13964686998395,37.45644599303136,41.04347826086956,38.74538745387454,37.82383419689119,41.5506958250497,BRUTE FORCE,BRUTE FORCE,BRUTE FORCE,BRUTE FORCE,BRUTE FORCE,BRUTE FORCE,BRUTE FORCE,BRUTE FORCE,BRUTE FORCE,BRUTE FORCE,BRUTE FORCE,BRUTE FORCE,BRUTE FORCE,BRUTE FORCE,BRUTE FORCE,BRUTE FORCE,BRUTE FORCE,BRUTE FORCE,BRUTE FORCE,BRUTE FORCE,BRUTE FORCE,BRUTE FORCE,BRUTE FORCE,BRUTE FORCE
2021,Pacific,474,340,324,299,236,266,296,348,449,441,558,527,900,586,628,680,711,769,710,681,705,673,658,602,31.434599156118143,31.470588235294116,31.48148148148148,27.424749163879596,24.576271186440678,24.43609022556391,21.95945945945946,26.72413793103448,26.7260579064588,27.43764172335601,25.985663082437277,28.842504743833018,20.666666666666668,29.351535836177472,25.636942675159236,27.058823529411764,29.676511954992968,24.967490247074124,25.211267605633804,27.45961820851689,29.078014184397162,30.75780089153046,28.267477203647417,30.23255813953488,BRUTE FORCE,BRUTE FORCE,BRUTE FORCE,BRUTE FORCE,OTHER WEAPON,BRUTE FORCE,BRUTE FORCE,BRUTE FORCE,BRUTE FORCE,BRUTE FORCE,BRUTE FORCE,BRUTE FORCE,BRUTE FORCE,BRUTE FORCE,BRUTE FORCE,BRUTE FORCE,BRUTE FORCE,BRUTE FORCE,BRUTE FORCE,BRUTE FORCE,BRUTE FORCE,BRUTE FORCE,BRUTE FORCE,BRUTE FORCE
2021,Rampart,389,281,253,182,181,154,176,252,345,395,402,400,541,398,439,462,475,547,575,548,563,500,533,430,50.128534704370175,54.092526690391466,53.359683794466406,48.35164835164835,51.38121546961326,44.15584415584416,39.20454545454545,39.682539682539684,40.57971014492754,39.49367088607595,43.78109452736319,44.5,38.817005545286506,45.22613065326633,45.10250569476082,40.692640692640694,43.368421052631575,38.20840950639854,38.08695652173913,38.32116788321168,43.3392539964476,48.4,44.090056285178235,45.348837209302324,BRUTE FORCE,BRUTE FORCE,BRUTE FORCE,BRUTE FORCE,BRUTE FORCE,BRUTE FORCE,BRUTE FORCE,BRUTE FORCE,BRUTE FORCE,BRUTE FORCE,BRUTE FORCE,BRUTE FORCE,BRUTE FORCE,BRUTE FORCE,BRUTE FORCE,BRUTE FORCE,BRUTE FORCE,BRUTE FORCE,BRUTE FORCE,BRUTE FORCE,BRUTE FORCE,BRUTE FORCE,BRUTE FORCE,BRUTE FORCE
2021,Southeast,427,309,240,225,178,179,207,261,378,339,441,443,536,486,486,543,535,617,616,626,656,571,570,503,48.24355971896955,49.51456310679612,51.66666666666667,52.44444444444445,44.9438202247191,51.955307262569825,38.164251207729464,39.46360153256705,43.65079365079365,50.442477876106196,49.2063492063492,46.95259593679458,39.365671641791046,49.382716049382715,54.52674897119342,48.06629834254144,51.214953271028044,50.89141004862236,47.24025974025974,45.846645367412144,50.30487804878049,48.86164623467601,42.80701754385965,49.70178926441352,BRUTE FORCE,BRUTE FORCE,BRUTE FORCE,BRUTE FORCE,BRUTE FORCE,BRUTE FORCE,BRUTE FORCE,BRUTE FORCE,BRUTE FORCE,BRUTE FORCE,BRUTE FORCE,BRUTE FORCE,BRUTE FORCE,BRUTE FORCE,BRUTE FORCE,BRUTE FORCE,BRUTE FORCE,BRUTE FORCE,BRUTE FORCE,BRUTE FORCE,BRUTE FORCE,BRUTE FORCE,BRUTE FORCE,BRUTE FORCE
2021,Southwest,476,296,242,205,172,175,205,305,472,384,513,494,724,568,578,577,610,673,695,682,647,639,555,477,42.857142857142854,51.35135135135135,49.586776859504134,42.926829268292686,38.95348837209303,36.0,29.268292682926827,40.65573770491803,29.66101694915254,38.28125,38.01169590643275,40.688259109311744,38.12154696132597,44.190140845070424,45.15570934256055,41.94107452339688,42.950819672131146,40.41604754829123,38.56115107913669,41.78885630498534,42.96754250386399,43.66197183098591,43.78378378378379,44.44444444444444,BRUTE FORCE,BRUTE FORCE,BRUTE FORCE,BRUTE FORCE,BRUTE FORCE,BRUTE FORCE,BRUTE FORCE,BRUTE FORCE,BRUTE FORCE,BRUTE FORCE,BRUTE FORCE,BRUTE FORCE,BRUTE FORCE,BRUTE FORCE,BRUTE FORCE,BRUTE FORCE,BRUTE FORCE,BRUTE FORCE,BRUTE FORCE,BRUTE FORCE,BRUTE FORCE,BRUTE FORCE,BRUTE FORCE,BRUTE FORCE
2021,Topanga,270,236,215,197,156,127,155,165,278,335,387,361,770,368,436,485,455,524,529,489,509,400,401,309,32.96296296296296,37.71186440677966,41.3953488372093,37.56345177664975,24.358974358974358,23.62204724409449,18.064516129032256,27.27272727272727,19.784172661870503,20.8955223880597,25.064599483204137,26.869806094182824,19.090909090909093,24.728260869565215,24.08256880733945,26.5979381443299,25.934065934065938,25.763358778625957,23.81852551984877,25.153374233128833,28.880157170923383,32.25,32.917705735660846,39.15857605177994,BRUTE FORCE,BRUTE FORCE,BRUTE FORCE,BRUTE FORCE,BRUTE FORCE,BRUTE FORCE,BRUTE FORCE,BRUTE FORCE,BRUTE FORCE,BRUTE FORCE,BRUTE FORCE,BRUTE FORCE,BRUTE FORCE,BRUTE FORCE,BRUTE FORCE,BRUTE FORCE,BRUTE FORCE,BRUTE FORCE,BRUTE FORCE,BRUTE FORCE,BRUTE FORCE,BRUTE FORCE,BRUTE FORCE,BRUTE FORCE
2021,Van Nuys,348,287,222,221,161,163,185,196,282,323,367,418,648,378,429,441,428,494,529,482,476,461,377,351,28.160919540229884,27.874564459930312,35.585585585585584,29.86425339366516,30.434782608695656,26.993865030674847,31.891891891891895,26.53061224489796,28.723404255319153,24.148606811145513,26.158038147138964,31.57894736842105,23.14814814814815,28.04232804232804,29.37062937062937,22.90249433106576,27.102803738317753,24.089068825910932,25.51984877126654,23.651452282157674,35.924369747899156,27.54880694143167,32.62599469496021,31.62393162393162,BRUTE FORCE,BRUTE FORCE,BRUTE FORCE,BRUTE FORCE,BRUTE FORCE,BRUTE FORCE,BRUTE FORCE,BRUTE FORCE,BRUTE FORCE,BRUTE FORCE,BRUTE FORCE,BRUTE FORCE,BRUTE FORCE,BRUTE FORCE,BRUTE FORCE,BRUTE FORCE,BRUTE FORCE,BRUTE FORCE,BRUTE FORCE,BRUTE FORCE,BRUTE FORCE,BRUTE FORCE,BRUTE FORCE,BRUTE FORCE
2021,West LA,380,231,226,196,167,161,193,205,430,360,491,441,761,490,531,508,562,610,652,543,509,483,411,338,22.894736842105264,31.601731601731604,29.646017699115045,22.448979591836736,22.75449101796407,19.875776397515526,21.243523316062177,28.780487804878046,20.232558139534884,24.72222222222222,24.43991853360489,22.90249433106576,18.922470433639948,29.591836734693878,24.670433145009415,25.393700787401574,23.843416370106763,24.098360655737704,19.938650306748464,23.941068139963168,28.094302554027507,22.15320910973085,22.871046228710462,25.14792899408284,BRUTE FORCE,BRUTE FORCE,BRUTE FORCE,BRUTE FORCE,BRUTE FORCE,BRUTE FORCE,BRUTE FORCE,BRUTE FORCE,BRUTE FORCE,BRUTE FORCE,BRUTE FORCE,BRUTE FORCE,BRUTE FORCE,BRUTE FORCE,BRUTE FORCE,BRUTE FORCE,BRUTE FORCE,BRUTE FORCE,BRUTE FORCE,BRUTE FORCE,BRUTE FORCE,BRUTE FORCE,BRUTE FORCE,BRUTE FORCE
2021,West Valley,343,266,237,212,170,167,158,184,335,288,373,373,644,377,397,427,438,448,500,474,441,488,416,359,34.11078717201166,31.954887218045116,31.645569620253166,33.9622641509434,30.0,22.75449101796407,18.9873417721519,29.891304347826086,23.283582089552237,24.65277777777778,31.099195710455763,31.36729222520107,23.75776397515528,36.07427055702917,29.72292191435768,29.97658079625293,31.7351598173516,31.026785714285715,29.4,32.48945147679325,29.47845804988662,32.17213114754098,32.45192307692308,32.86908077994429,BRUTE FORCE,BRUTE FORCE,BRUTE FORCE,BRUTE FORCE,BRUTE FORCE,BRUTE FORCE,BRUTE FORCE,BRUTE FORCE,BRUTE FORCE,BRUTE FORCE,BRUTE FORCE,BRUTE FORCE,BRUTE FORCE,BRUTE FORCE,BRUTE FORCE,BRUTE FORCE,BRUTE FORCE,BRUTE FORCE,BRUTE FORCE,BRUTE FORCE,BRUTE FORCE,BRUTE FORCE,BRUTE FORCE,BRUTE FORCE
2021,Wilshire,328,259,224,195,197,168,180,214,353,325,443,417,744,476,493,518,572,616,643,544,538,477,441,354,28.04878048780488,34.74903474903475,34.375,26.153846153846157,36.54822335025381,19.047619047619047,18.88888888888889,28.037383177570092,19.8300283286119,25.538461538461537,27.99097065462754,30.935251798561154,20.833333333333336,30.88235294117647,29.411764705882355,24.324324324324326,29.72027972027972,27.110389610389614,25.038880248833596,27.389705882352942,27.509293680297397,33.123689727463315,34.69387755102041,35.31073446327684,BRUTE FORCE,BRUTE FORCE,BRUTE FORCE,BRUTE FORCE,BRUTE FORCE,BRUTE FORCE,BRUTE FORCE,BRUTE FORCE,BRUTE FORCE,BRUTE FORCE,BRUTE FORCE,BRUTE FORCE,BRUTE FORCE,BRUTE FORCE,BRUTE FORCE,BRUTE FORCE,BRUTE FORCE,BRUTE FORCE,BRUTE FORCE,BRUTE FORCE,BRUTE FORCE,BRUTE FORCE,BRUTE FORCE,BRUTE FORCE
2022,77th Street,722,540,350,386,284,270,513,466,596,554,601,704,1054,648,636,694,669,715,748,688,687,723,642,589,35.3185595567867,46.85185185185185,54.285714285714285,47.40932642487047,47.183098591549296,35.55555555555556,21.832358674463936,31.97424892703863,40.604026845637584,44.4043321299639,41.26455906821963,43.03977272727273,34.72485768500949,53.54938271604939,51.257861635220124,55.18731988472623,56.80119581464873,51.048951048951054,47.72727272727273,52.32558139534884,51.2372634643377,49.100968188105114,57.009345794392516,53.98981324278438,BRUTE FORCE,BRUTE FORCE,BRUTE FORCE,BRUTE FORCE,BRUTE FORCE,BRUTE FORCE,BRUTE FORCE,BRUTE FORCE,BRUTE FORCE,BRUTE FORCE,BRUTE FORCE,BRUTE FORCE,BRUTE FORCE,BRUTE FORCE,BRUTE FORCE,BRUTE FORCE,BRUTE FORCE,BRUTE FORCE,BRUTE FORCE,BRUTE FORCE,BRUTE FORCE,BRUTE FORCE,BRUTE FORCE,BRUTE FORCE
2022,Central,672,703,496,384,341,329,428,500,619,634,758,801,1101,777,792,836,833,869,1132,1072,988,838,906,813,41.36904761904761,48.22190611664296,51.00806451612904,55.208333333333336,45.16129032258064,40.72948328267477,28.504672897196258,39.2,38.77221324717286,37.69716088328076,36.80738786279684,35.33083645443196,29.70027247956403,40.7979407979408,41.035353535353536,40.66985645933015,39.85594237695078,34.52243958573072,28.886925795053003,27.89179104477612,31.072874493927127,36.15751789976134,32.671081677704194,37.269372693726936,BRUTE FORCE,BRUTE FORCE,BRUTE FORCE,BRUTE FORCE,BRUTE FORCE,BRUTE FORCE,BRUTE FORCE,BRUTE FORCE,BRUTE FORCE,BRUTE FORCE,BRUTE FORCE,BRUTE FORCE,BRUTE FORCE,BRUTE FORCE,BRUTE FORCE,BRUTE FORCE,BRUTE FORCE,BRUTE FORCE,BRUTE FORCE,BRUTE FORCE,BRUTE FORCE,BRUTE FORCE,BRUTE FORCE,BRUTE FORCE
2022,Devonshire,381,236,260,229,167,179,214,223,440,332,411,408,775,442,462,518,483,557,562,484,525,463,429,318,28.083989501312335,26.27118644067797,26.153846153846157,24.890829694323145,17.964071856287426,15.083798882681565,18.69158878504673,21.973094170403588,16.363636363636363,24.397590361445783,28.710462287104622,25.0,21.032258064516128,30.995475113122172,22.51082251082251,28.185328185328185,29.19254658385093,25.134649910233392,24.02135231316726,24.173553719008265,27.61904761904762,30.669546436285096,32.400932400932405,32.38993710691824,BRUTE FORCE,BRUTE FORCE,BRUTE FORCE,BRUTE FORCE,BRUTE FORCE,BRUTE FORCE,BRUTE FORCE,BRUTE FORCE,BRUTE FORCE,BRUTE FORCE,BRUTE FORCE,BRUTE FORCE,BRUTE FORCE,BRUTE FORCE,BRUTE FORCE,BRUTE FORCE,BRUTE FORCE,BRUTE FORCE,BRUTE FORCE,BRUTE FORCE,BRUTE FORCE,BRUTE FORCE,BRUTE FORCE,BRUTE FORCE
2022,Foothill,333,218,178,186,164,134,208,219,296,304,323,338,679,407,351,377,407,445,425,393,407,355,389,283,26.126126126126124,35.321100917431195,35.39325842696629,26.344086021505376,28.65853658536585,19.402985074626866,15.384615384615385,21.00456621004566,25.0,25.986842105263158,29.721362229102166,33.13609467455622,22.23858615611193,24.324324324324326,26.495726495726498,30.238726790450926,31.941031941031937,31.910112359550563,30.117647058823525,33.33333333333333,33.660933660933665,38.87323943661972,36.246786632390744,41.342756183745585,BRUTE FORCE,BRUTE FORCE,BRUTE FORCE,BRUTE FORCE,BRUTE FORCE,BRUTE FORCE,BRUTE FORCE,BRUTE FORCE,BRUTE FORCE,BRUTE FORCE,BRUTE FORCE,BRUTE FORCE,BRUTE FORCE,BRUTE FORCE,BRUTE FORCE,BRUTE FORCE,BRUTE FORCE,BRUTE FORCE,BRUTE FORCE,BRUTE FORCE,BRUTE FORCE,BRUTE FORCE,BRUTE FORCE,BRUTE FORCE
2022,Harbor,444,276,228,222,175,147,258,250,342,361,397,407,541,388,417,486,473,507,525,464,507,490,455,373,32.65765765765766,39.85507246376812,38.15789473684211,27.47747747747748,32.57142857142858,29.25170068027211,18.992248062015506,27.6,33.91812865497076,28.53185595567867,32.99748110831234,38.32923832923833,30.129390018484287,38.659793814432994,37.64988009592326,42.79835390946502,30.655391120507396,37.278106508875744,32.761904761904766,38.577586206896555,37.67258382642998,38.57142857142858,41.318681318681314,39.14209115281501,BRUTE FORCE,BRUTE FORCE,BRUTE FORCE,BRUTE FORCE,BRUTE FORCE,BRUTE FORCE,BRUTE FORCE,BRUTE FORCE,BRUTE FORCE,BRUTE FORCE,BRUTE FORCE,BRUTE FORCE,BRUTE FORCE,BRUTE FORCE,BRUTE FORCE,BRUTE FORCE,BRUTE FORCE,BRUTE FORCE,BRUTE FORCE,BRUTE FORCE,BRUTE FORCE,BRUTE FORCE,BRUTE FORCE,BRUTE FORCE
2022,Hollenbeck,383,275,184,187,170,163,263,283,329,292,316,341,654,329,414,439,396,469,456,432,473,419,448,373,37.33681462140992,41.45454545454545,42.934782608695656,29.411764705882355,27.647058823529413,26.380368098159508,15.209125475285171,33.215547703180206,32.82674772036474,35.273972602739725,31.962025316455694,35.19061583577713,22.782874617737004,32.82674772036474,35.26570048309179,36.44646924829157,37.37373737373738,32.6226012793177,30.701754385964914,34.9537037037037,39.323467230443974,46.77804295942721,37.05357142857143,43.96782841823057,BRUTE FORCE,BRUTE FORCE,BRUTE FORCE,BRUTE FORCE,BRUTE FORCE,BRUTE FORCE,BRUTE FORCE,BRUTE FORCE,BRUTE FORCE,BRUTE FORCE,BRUTE FORCE,BRUTE FORCE,BRUTE FORCE,BRUTE FORCE,BRUTE FORCE,BRUTE FORCE,BRUTE FORCE,BRUTE FORCE,BRUTE FORCE,BRUTE FORCE,BRUTE FORCE,BRUTE FORCE,BRUTE FORCE,BRUTE FORCE
2022,Hollywood,660,599,448,361,261,220,255,284,408,436,504,573,806,524,579,613,585,625,614,602,568,618,688,655,38.18181818181819,45.90984974958264,54.24107142857143,49.86149584487535,52.490421455938694,41.81818181818181,36.470588235294116,33.098591549295776,37.5,36.92660550458716,33.33333333333333,33.50785340314136,32.6302729528536,36.6412213740458,34.196891191709845,38.33605220228385,34.87179487179487,39.519999999999996,35.01628664495114,34.883720930232556,39.61267605633803,37.702265372168284,43.604651162790695,38.93129770992366,BRUTE FORCE,BRUTE FORCE,BRUTE FORCE,BRUTE FORCE,BRUTE FORCE,BRUTE FORCE,BRUTE FORCE,BRUTE FORCE,BRUTE FORCE,BRUTE FORCE,BRUTE FORCE,BRUTE FORCE,BRUTE FORCE,BRUTE FORCE,BRUTE FORCE,BRUTE FORCE,BRUTE FORCE,BRUTE FORCE,BRUTE FORCE,BRUTE FORCE,BRUTE FORCE,BRUTE FORCE,BRUTE FORCE,BRUTE FORCE
2022,Mission,408,279,227,182,151,175,268,281,353,327,388,402,741,382,403,465,446,513,557,505,487,465,486,345,29.901960784313726,33.33333333333333,33.92070484581498,34.065934065934066,25.82781456953642,22.857142857142858,18.65671641791045,23.487544483985765,26.062322946175637,29.357798165137616,35.30927835051546,27.363184079601986,24.966261808367072,28.272251308900525,34.49131513647642,33.5483870967742,28.923766816143498,28.84990253411306,28.366247755834827,36.23762376237624,35.318275154004105,38.494623655913976,35.390946502057616,37.391304347826086,BRUTE FORCE,BRUTE FORCE,BRUTE FORCE,BRUTE FORCE,BRUTE FORCE,BRUTE FORCE,BRUTE FORCE,BRUTE FORCE,BRUTE FORCE,BRUTE FORCE,BRUTE FORCE,BRUTE FORCE,BRUTE FORCE,BRUTE FORCE,BRUTE FORCE,BRUTE FORCE,BRUTE FORCE,BRUTE FORCE,BRUTE FORCE,BRUTE FORCE,BRUTE FORCE,BRUTE FORCE,BRUTE FORCE,BRUTE FORCE
2022,N Hollywood,583,334,271,304,269,241,284,291,410,364,476,496,862,408,538,555,567,603,624,596,565,504,559,445,23.32761578044597,31.137724550898206,29.15129151291513,26.973684210526315,29.739776951672862,21.57676348547718,14.084507042253522,28.52233676975945,21.463414634146343,27.472527472527474,26.47058823529412,29.233870967741936,21.229698375870072,27.450980392156865,28.810408921933085,29.72972972972973,24.867724867724867,24.378109452736318,23.23717948717949,29.026845637583893,29.20353982300885,30.555555555555557,32.379248658318424,33.03370786516854,BRUTE FORCE,BRUTE FORCE,BRUTE FORCE,BRUTE FORCE,BRUTE FORCE,BRUTE FORCE,BRUTE FORCE,BRUTE FORCE,BRUTE FORCE,BRUTE FORCE,BRUTE FORCE,BRUTE FORCE,BRUTE FORCE,BRUTE FORCE,BRUTE FORCE,BRUTE FORCE,BRUTE FORCE,BRUTE FORCE,BRUTE FORCE,BRUTE FORCE,BRUTE FORCE,BRUTE FORCE,BRUTE FORCE,BRUTE FORCE
2022,Newton,635,409,370,267,234,229,355,377,494,442,483,455,836,504,539,594,601,635,680,562,580,518,615,478,29.92125984251969,38.87530562347188,45.40540540540541,40.074906367041194,41.02564102564102,38.864628820960704,21.408450704225352,31.29973474801061,35.82995951417004,35.294117647058826,41.821946169772254,40.65934065934066,32.77511961722488,46.62698412698413,45.82560296846011,44.107744107744104,45.25790349417637,39.68503937007874,40.14705882352941,43.41637010676156,47.58620689655172,44.98069498069498,39.67479674796748,42.67782426778243,BRUTE FORCE,BRUTE FORCE,BRUTE FORCE,BRUTE FORCE,BRUTE FORCE,BRUTE FORCE,BRUTE FORCE,BRUTE FORCE,BRUTE FORCE,BRUTE FORCE,BRUTE FORCE,BRUTE FORCE,BRUTE FORCE,BRUTE FORCE,BRUTE FORCE,BRUTE FORCE,BRUTE FORCE,BRUTE FORCE,BRUTE FORCE,BRUTE FORCE,BRUTE FORCE,BRUTE FORCE,BRUTE FORCE,BRUTE FORCE
2022,Northeast,423,322,263,220,187,168,238,276,367,401,444,448,689,461,515,531,498,596,599,513,555,471,524,426,19.62174940898345,30.124223602484474,27.376425855513308,21.363636363636363,20.32085561497326,19.642857142857142,14.705882352941178,21.3768115942029,20.16348773841962,20.947630922693268,24.0990990990991,26.5625,21.480406386066765,22.99349240780911,25.8252427184466,31.26177024482109,24.69879518072289,25.671140939597315,27.04507512520868,24.171539961013643,26.306306306306304,32.48407643312102,30.725190839694655,37.558685446009385,BRUTE FORCE,BRUTE FORCE,BRUTE FORCE,BRUTE FORCE,BRUTE FORCE,BRUTE FORCE,BRUTE FORCE,BRUTE FORCE,BRUTE FORCE,BRUTE FORCE,BRUTE FORCE,BRUTE FORCE,BRUTE FORCE,BRUTE FORCE,BRUTE FORCE,BRUTE FORCE,BRUTE FORCE,BRUTE FORCE,BRUTE FORCE,BRUTE FORCE,BRUTE FORCE,BRUTE FORCE,BRUTE FORCE,BRUTE FORCE
2022,Olympic,552,459,350,285,275,216,249,293,469,446,531,543,759,512,560,537,582,688,643,672,642,612,593,539,36.95652173913043,46.40522875816993,42.57142857142857,38.94736842105263,36.36363636363637,23.61111111111111,29.31726907630522,33.44709897610921,33.47547974413646,31.838565022421523,31.45009416195857,34.25414364640884,27.66798418972332,36.71875,31.25,37.61638733705773,34.36426116838488,32.99418604651162,31.259720062208395,35.11904761904761,37.38317757009346,37.091503267973856,39.12310286677909,43.042671614100186,BRUTE FORCE,BRUTE FORCE,BRUTE FORCE,BRUTE FORCE,BRUTE FORCE,BRUTE FORCE,BRUTE FORCE,BRUTE FORCE,BRUTE FORCE,BRUTE FORCE,BRUTE FORCE,BRUTE FORCE,BRUTE FORCE,BRUTE FORCE,BRUTE FORCE,BRUTE FORCE,BRUTE FORCE,BRUTE FORCE,BRUTE FORCE,BRUTE FORCE,BRUTE FORCE,BRUTE FORCE,BRUTE FORCE,BRUTE FORCE
2022,Pacific,509,311,315,303,286,280,357,374,493,501,556,600,1005,569,627,640,656,736,671,640,689,632,642,573,27.111984282907663,29.581993569131832,28.253968253968253,23.762376237623762,22.02797202797203,22.857142857142858,21.008403361344538,28.07486631016043,21.906693711967545,21.35728542914172,23.381294964028775,28.000000000000004,22.487562189054728,26.01054481546573,24.561403508771928,21.40625,27.28658536585366,25.543478260869566,27.27272727272727,26.406249999999996,23.802612481857764,24.841772151898734,27.8816199376947,31.239092495637,BRUTE FORCE,BRUTE FORCE,BRUTE FORCE,BRUTE FORCE,BRUTE FORCE,BRUTE FORCE,BRUTE FORCE,BRUTE FORCE,BRUTE FORCE,BRUTE FORCE,BRUTE FORCE,BRUTE FORCE,BRUTE FORCE,BRUTE FORCE,BRUTE FORCE,BRUTE FORCE,BRUTE FORCE,BRUTE FORCE,BRUTE FORCE,BRUTE FORCE,BRUTE FORCE,BRUTE FORCE,BRUTE FORCE,BRUTE FORCE
2022,Rampart,558,351,305,246,207,159,248,362,409,479,528,503,782,438,496,547,528,599,668,592,615,491,594,455,30.107526881720432,43.3048433048433,45.90163934426229,37.80487804878049,40.57971014492754,38.36477987421384,25.403225806451612,34.806629834254146,37.163814180929094,35.07306889352819,41.09848484848485,42.54473161033797,33.631713554987215,45.20547945205479,46.16935483870967,41.3162705667276,44.696969696969695,39.39899833055092,39.52095808383233,41.21621621621622,44.71544715447154,44.602851323828915,43.93939393939394,50.10989010989011,BRUTE FORCE,BRUTE FORCE,BRUTE FORCE,BRUTE FORCE,BRUTE FORCE,BRUTE FORCE,BRUTE FORCE,BRUTE FORCE,BRUTE FORCE,BRUTE FORCE,BRUTE FORCE,BRUTE FORCE,BRUTE FORCE,BRUTE FORCE,BRUTE FORCE,BRUTE FORCE,BRUTE FORCE,BRUTE FORCE,BRUTE FORCE,BRUTE FORCE,BRUTE FORCE,BRUTE FORCE,BRUTE FORCE,BRUTE FORCE
2022,Southeast,716,423,320,231,200,204,389,387,442,409,498,493,854,450,515,569,560,586,613,606,580,603,559,461,28.910614525139668,46.57210401891253,41.5625,41.125541125541126,40.0,36.76470588235294,20.051413881748072,29.198966408268735,41.40271493212669,43.52078239608802,41.164658634538156,48.275862068965516,30.44496487119438,51.33333333333333,48.54368932038835,52.3725834797891,48.57142857142857,45.22184300341297,45.840130505709624,49.834983498349835,53.103448275862064,52.90215588723052,47.04830053667263,49.891540130151846,BRUTE FORCE,BRUTE FORCE,BRUTE FORCE,BRUTE FORCE,BRUTE FORCE,BRUTE FORCE,BRUTE FORCE,BRUTE FORCE,BRUTE FORCE,BRUTE FORCE,BRUTE FORCE,BRUTE FORCE,BRUTE FORCE,BRUTE FORCE,BRUTE FORCE,BRUTE FORCE,BRUTE FORCE,BRUTE FORCE,BRUTE FORCE,BRUTE FORCE,BRUTE FORCE,BRUTE FORCE,BRUTE FORCE,BRUTE FORCE
2022,Southwest,654,400,280,246,215,202,388,430,611,582,645,636,918,631,655,729,647,677,752,624,632,625,629,535,25.229357798165136,33.5,30.714285714285715,32.52032520325203,29.30232558139535,22.277227722772277,19.84536082474227,23.72093023255814,29.296235679214405,34.192439862542955,32.86821705426357,35.691823899371066,26.906318082788673,38.82725832012678,36.18320610687023,38.40877914951989,34.62132921174652,36.63220088626292,32.57978723404255,40.705128205128204,40.822784810126585,39.68,39.90461049284579,45.42056074766355,BRUTE FORCE,BRUTE FORCE,BRUTE FORCE,BRUTE FORCE,BRUTE FORCE,BRUTE FORCE,BRUTE FORCE,BRUTE FORCE,BRUTE FORCE,BRUTE FORCE,BRUTE FORCE,BRUTE FORCE,BRUTE FORCE,BRUTE FORCE,BRUTE FORCE,BRUTE FORCE,BRUTE FORCE,BRUTE FORCE,BRUTE FORCE,BRUTE FORCE,BRUTE FORCE,BRUTE FORCE,BRUTE FORCE,BRUTE FORCE
2022,Topanga,405,238,230,211,179,149,228,254,329,304,375,402,839,407,473,495,532,605,573,531,524,455,377,311,28.888888888888886,41.596638655462186,37.391304347826086,31.27962085308057,22.905027932960895,28.859060402684566,17.105263157894736,23.62204724409449,23.10030395136778,27.960526315789476,27.73333333333333,31.592039800995025,18.831942789034564,27.51842751842752,31.07822410147992,27.27272727272727,26.50375939849624,28.264462809917358,26.527050610820247,33.33333333333333,33.587786259541986,34.505494505494504,37.13527851458886,42.443729903536976,BRUTE FORCE,BRUTE FORCE,BRUTE FORCE,BRUTE FORCE,BRUTE FORCE,BRUTE FORCE,BRUTE FORCE,BRUTE FORCE,BRUTE FORCE,BRUTE FORCE,BRUTE FORCE,BRUTE FORCE,BRUTE FORCE,BRUTE FORCE,BRUTE FORCE,BRUTE FORCE,BRUTE FORCE,BRUTE FORCE,BRUTE FORCE,BRUTE FORCE,BRUTE FORCE,BRUTE FORCE,BRUTE FORCE,BRUTE FORCE
2022,Van Nuys,409,256,226,205,229,173,222,239,382,354,456,445,758,447,434,501,487,551,563,499,559,503,443,320,23.227383863080682,30.46875,33.1858407079646,24.878048780487806,24.890829694323145,27.74566473988439,18.46846846846847,19.665271966527197,25.392670157068064,27.401129943502823,26.973684210526315,32.13483146067416,17.54617414248021,30.87248322147651,30.87557603686636,28.343313373253494,27.92607802874743,24.682395644283122,21.6696269982238,28.857715430861724,30.41144901610018,27.634194831013914,33.40857787810384,32.8125,BRUTE FORCE,BRUTE FORCE,BRUTE FORCE,BRUTE FORCE,BRUTE FORCE,BRUTE FORCE,BRUTE FORCE,BRUTE FORCE,BRUTE FORCE,BRUTE FORCE,BRUTE FORCE,BRUTE FORCE,BRUTE FORCE,BRUTE FORCE,BRUTE FORCE,BRUTE FORCE,BRUTE FORCE,BRUTE FORCE,BRUTE FORCE,BRUTE FORCE,BRUTE FORCE,BRUTE FORCE,BRUTE FORCE,BRUTE FORCE
2022,West LA,482,229,227,228,200,164,213,256,461,398,490,502,742,536,558,606,566,627,629,567,554,478,423,330,18.672199170124482,29.257641921397383,32.59911894273127,29.385964912280706,26.5,20.73170731707317,23.943661971830984,24.609375,18.22125813449024,20.603015075376884,25.102040816326532,23.107569721115535,21.563342318059302,23.32089552238806,23.118279569892472,23.597359735973598,25.08833922261484,23.76395534290271,21.462639109697935,25.220458553791886,22.382671480144403,30.753138075313807,25.768321513002363,28.78787878787879,BRUTE FORCE,BRUTE FORCE,BRUTE FORCE,BRUTE FORCE,BRUTE FORCE,BRUTE FORCE,BRUTE FORCE,BRUTE FORCE,BRUTE FORCE,BRUTE FORCE,BRUTE FORCE,BRUTE FORCE,BRUTE FORCE,BRUTE FORCE,BRUTE FORCE,BRUTE FORCE,BRUTE FORCE,BRUTE FORCE,BRUTE FORCE,BRUTE FORCE,BRUTE FORCE,BRUTE FORCE,BRUTE FORCE,BRUTE FORCE
2022,West Valley,381,263,310,253,233,207,274,259,406,380,450,423,742,456,447,510,525,575,598,578,565,516,495,390,30.971128608923888,37.6425855513308,36.45161290322581,27.27272727272727,19.313304721030043,24.154589371980677,16.78832116788321,28.185328185328185,23.39901477832512,28.421052631578945,30.0,31.44208037825059,21.024258760107816,32.67543859649123,31.543624161073826,32.745098039215684,29.523809523809526,32.69565217391304,27.424749163879596,30.276816608996537,31.504424778761063,37.4031007751938,36.56565656565657,37.94871794871795,BRUTE FORCE,BRUTE FORCE,BRUTE FORCE,BRUTE FORCE,FIREARM,BRUTE FORCE,BRUTE FORCE,BRUTE FORCE,BRUTE FORCE,BRUTE FORCE,BRUTE FORCE,BRUTE FORCE,BRUTE FORCE,BRUTE FORCE,BRUTE FORCE,BRUTE FORCE,BRUTE FORCE,BRUTE FORCE,BRUTE FORCE,BRUTE FORCE,BRUTE FORCE,BRUTE FORCE,BRUTE FORCE,BRUTE FORCE
2022,Wilshire,382,368,261,229,188,194,219,270,413,423,449,526,900,577,577,619,607,655,696,567,596,486,497,421,25.13089005235602,30.706521739130434,36.39846743295019,27.510917030567683,20.212765957446805,19.072164948453608,24.200913242009133,26.296296296296294,25.907990314769975,24.349881796690305,27.839643652561247,26.045627376425855,21.11111111111111,28.07625649913345,27.55632582322357,25.68659127625202,27.677100494233937,20.916030534351147,20.114942528735632,21.516754850088184,22.483221476510067,25.925925925925924,28.169014084507044,30.403800475059384,BRUTE FORCE,BRUTE FORCE,BRUTE FORCE,BRUTE FORCE,BRUTE FORCE,BRUTE FORCE,BRUTE FORCE,BRUTE FORCE,BRUTE FORCE,BRUTE FORCE,BRUTE FORCE,BRUTE FORCE,BRUTE FORCE,BRUTE FORCE,BRUTE FORCE,BRUTE FORCE,BRUTE FORCE,BRUTE FORCE,BRUTE FORCE,BRUTE FORCE,BRUTE FORCE,BRUTE FORCE,BRUTE FORCE,BRUTE FORCE
2023,77th Street,593,413,378,329,267,274,403,394,513,548,618,627,819,591,604,686,696,770,767,765,800,710,679,599,42.66441821247892,46.973365617433416,57.936507936507944,48.93617021276596,45.69288389513109,46.715328467153284,30.024813895781637,35.27918781725889,43.46978557504873,47.81021897810219,50.64724919093852,49.760765550239235,44.810744810744815,50.930626057529615,51.65562913907284,52.76967930029155,53.01724137931034,50.0,51.10821382007823,46.5359477124183,47.5,52.67605633802817,48.45360824742268,49.74958263772955,BRUTE FORCE,BRUTE FORCE,BRUTE FORCE,BRUTE FORCE,BRUTE FORCE,BRUTE FORCE,BRUTE FORCE,BRUTE FORCE,BRUTE FORCE,BRUTE FORCE,BRUTE FORCE,BRUTE FORCE,BRUTE FORCE,BRUTE FORCE,BRUTE FORCE,BRUTE FORCE,BRUTE FORCE,BRUTE FORCE,BRUTE FORCE,BRUTE FORCE,BRUTE FORCE,BRUTE FORCE,BRUTE FORCE,BRUTE FORCE
2023,Central,673,603,441,324,290,275,369,445,557,619,659,720,967,738,848,882,824,954,1068,1005,978,874,818,917,36.40416047548291,44.11276948590381,51.92743764172335,48.45679012345679,45.86206896551724,41.81818181818181,42.27642276422765,37.752808988764045,37.881508078994614,41.35702746365105,42.640364188163886,41.52777777777778,34.332988624612206,34.823848238482384,34.66981132075472,37.07482993197279,34.46601941747573,33.542976939203356,29.307116104868914,24.975124378109452,31.083844580777097,35.58352402745996,34.10757946210269,37.51363140676118,BRUTE FORCE,BRUTE FORCE,BRUTE FORCE,BRUTE FORCE,BRUTE FORCE,BRUTE FORCE,BRUTE FORCE,BRUTE FORCE,BRUTE FORCE,BRUTE FORCE,BRUTE FORCE,BRUTE FORCE,BRUTE FORCE,BRUTE FORCE,BRUTE FORCE,BRUTE FORCE,BRUTE FORCE,BRUTE FORCE,BRUTE FORCE,BRUTE FORCE,BRUTE FORCE,BRUTE FORCE,BRUTE FORCE,BRUTE FORCE
2023,Devonshire,316,205,200,219,172,153,192,226,471,324,364,411,748,451,525,545,549,595,595,565,580,532,393,341,34.177215189873415,37.5609756097561,33.5,25.11415525114155,29.069767441860467,28.75816993464052,22.916666666666664,23.451327433628318,19.957537154989385,26.851851851851855,26.64835164835165,26.277372262773724,26.8716577540107,29.046563192904657,28.76190476190476,26.422018348623855,27.504553734061933,22.521008403361346,27.73109243697479,26.902654867256636,28.448275862068968,35.150375939849624,39.18575063613232,36.950146627565985,BRUTE FORCE,BRUTE FORCE,BRUTE FORCE,BRUTE FORCE,OTHER WEAPON,BRUTE FORCE,BRUTE FORCE,BRUTE FORCE,BRUTE FORCE,BRUTE FORCE,BRUTE FORCE,BRUTE FORCE,BRUTE FORCE,BRUTE FORCE,BRUTE FORCE,BRUTE FORCE,BRUTE FORCE,BRUTE FORCE,BRUTE FORCE,BRUTE FORCE,BRUTE FORCE,BRUTE FORCE,BRUTE FORCE,BRUTE FORCE
2023,Foothill,260,219,212,156,152,139,203,181,277,252,306,277,501,323,363,334,358,412,415,370,375,351,372,297,36.53846153846153,36.07305936073059,34.43396226415094,38.46153846153847,24.342105263157894,30.215827338129497,21.67487684729064,27.071823204419886,32.12996389891697,26.984126984126984,30.065359477124183,31.40794223826715,31.936127744510976,36.53250773993808,36.91460055096419,38.622754491017965,29.329608938547487,33.00970873786408,32.04819277108434,38.108108108108105,38.4,40.45584045584046,42.74193548387097,42.76094276094276,BRUTE FORCE,BRUTE FORCE,BRUTE FORCE,BRUTE FORCE,BRUTE FORCE,BRUTE FORCE,BRUTE FORCE,BRUTE FORCE,BRUTE FORCE,BRUTE FORCE,BRUTE FORCE,BRUTE FORCE,BRUTE FORCE,BRUTE FORCE,BRUTE FORCE,BRUTE FORCE,BRUTE FORCE,BRUTE FORCE,BRUTE FORCE,BRUTE FORCE,BRUTE FORCE,BRUTE FORCE,BRUTE FORCE,BRUTE FORCE
2023,Harbor,379,270,229,206,167,158,225,217,337,313,398,356,594,395,429,522,479,503,532,481,513,492,433,429,30.606860158311346,35.18518518518518,33.624454148471614,23.300970873786408,24.550898203592812,29.746835443037973,25.333333333333336,29.493087557603687,28.783382789317507,28.434504792332266,29.145728643216078,35.95505617977528,27.946127946127948,34.93670886075949,34.731934731934736,32.758620689655174,35.07306889352819,30.81510934393638,31.76691729323308,35.96673596673597,37.23196881091618,40.447154471544714,38.106235565819865,42.42424242424242,BRUTE FORCE,BRUTE FORCE,BRUTE FORCE,BRUTE FORCE,BRUTE FORCE,BRUTE FORCE,BRUTE FORCE,BRUTE FORCE,BRUTE FORCE,BRUTE FORCE,BRUTE FORCE,BRUTE FORCE,BRUTE FORCE,BRUTE FORCE,BRUTE FORCE,BRUTE FORCE,BRUTE FORCE,BRUTE FORCE,BRUTE FORCE,BRUTE FORCE,BRUTE FORCE,BRUTE FORCE,BRUTE FORCE,BRUTE FORCE
2023,Hollenbeck,365,259,205,178,169,143,236,282,280,284,341,375,442,380,420,440,435,485,527,435,462,428,409,364,38.63013698630137,50.965250965250966,35.12195121951219,35.39325842696629,34.319526627218934,25.174825174825177,25.0,29.078014184397162,32.142857142857146,32.3943661971831,32.25806451612903,35.46666666666667,30.542986425339368,34.21052631578947,34.523809523809526,40.45454545454545,34.48275862068966,36.49484536082474,33.776091081593925,33.5632183908046,38.74458874458874,40.18691588785047,37.163814180929094,35.16483516483517,BRUTE FORCE,BRUTE FORCE,BRUTE FORCE,BRUTE FORCE,BRUTE FORCE,BRUTE FORCE,BRUTE FORCE,BRUTE FORCE,BRUTE FORCE,BRUTE FORCE,BRUTE FORCE,BRUTE FORCE,BRUTE FORCE,BRUTE FORCE,BRUTE FORCE,BRUTE FORCE,BRUTE FORCE,BRUTE FORCE,BRUTE FORCE,BRUTE FORCE,BRUTE FORCE,BRUTE FORCE,BRUTE FORCE,BRUTE FORCE
2023,Hollywood,520,482,397,293,227,185,241,244,396,415,531,513,669,517,598,545,570,634,620,568,560,540,540,580,42.69230769230769,48.7551867219917,53.65239294710328,56.655290102389074,55.06607929515418,56.21621621621622,42.738589211618255,45.90163934426229,38.63636363636363,38.55421686746988,36.72316384180791,35.4775828460039,32.28699551569507,43.32688588007737,37.45819397993311,36.69724770642202,40.70175438596491,39.43217665615142,38.387096774193544,37.67605633802817,37.5,42.77777777777778,42.77777777777778,37.75862068965517,BRUTE FORCE,BRUTE FORCE,BRUTE FORCE,BRUTE FORCE,BRUTE FORCE,OTHER WEAPON,BRUTE FORCE,BRUTE FORCE,BRUTE FORCE,BRUTE FORCE,BRUTE FORCE,BRUTE FORCE,BRUTE FORCE,BRUTE FORCE,BRUTE FORCE,BRUTE FORCE,BRUTE FORCE,BRUTE FORCE,BRUTE FORCE,BRUTE FORCE,BRUTE FORCE,BRUTE FORCE,BRUTE FORCE,BRUTE FORCE
2023,Mission,334,255,201,225,171,148,250,222,350,313,386,370,600,352,403,472,501,542,563,524,466,444,467,372,38.92215568862276,33.33333333333333,36.81592039800995,28.888888888888886,34.50292397660819,32.432432432432435,21.2,28.82882882882883,30.0,30.670926517571885,30.569948186528496,33.513513513513516,28.000000000000004,31.25,34.98759305210918,32.83898305084746,35.12974051896208,32.10332103321033,33.57015985790409,35.49618320610687,37.33905579399141,40.31531531531532,43.0406852248394,44.89247311827957,BRUTE FORCE,BRUTE FORCE,BRUTE FORCE,BRUTE FORCE,BRUTE FORCE,BRUTE FORCE,BRUTE FORCE,BRUTE FORCE,BRUTE FORCE,BRUTE FORCE,BRUTE FORCE,BRUTE FORCE,BRUTE FORCE,BRUTE FORCE,BRUTE FORCE,BRUTE FORCE,BRUTE FORCE,BRUTE FORCE,BRUTE FORCE,BRUTE FORCE,BRUTE FORCE,BRUTE FORCE,BRUTE FORCE,BRUTE FORCE
2023,N Hollywood,390,347,296,280,256,236,239,267,362,404,522,536,702,519,670,617,604,686,712,641,665,528,550,458,30.76923076923077,37.752161383285305,32.77027027027027,28.57142857142857,17.96875,26.69491525423729,20.0836820083682,26.96629213483146,26.795580110497237,24.257425742574256,31.03448275862069,28.171641791044777,23.78917378917379,30.63583815028902,24.17910447761194,28.200972447325768,26.32450331125828,24.489795918367346,22.47191011235955,25.429017160686428,23.909774436090224,28.97727272727273,29.454545454545457,27.729257641921397,BRUTE FORCE,BRUTE FORCE,BRUTE FORCE,BRUTE FORCE,BRUTE FORCE,BRUTE FORCE,BRUTE FORCE,BRUTE FORCE,BRUTE FORCE,BRUTE FORCE,BRUTE FORCE,BRUTE FORCE,BRUTE FORCE,BRUTE FORCE,BRUTE FORCE,BRUTE FORCE,BRUTE FORCE,BRUTE FORCE,BRUTE FORCE,BRUTE FORCE,BRUTE FORCE,BRUTE FORCE,BRUTE FORCE,BRUTE FORCE
2023,Newton,551,437,341,318,247,212,344,346,456,446,471,507,640,509,570,604,623,763,613,626,664,553,528,494,37.74954627949184,43.24942791762014,48.38709677419355,39.937106918238996,44.534412955465584,40.09433962264151,26.453488372093027,32.369942196531795,41.00877192982456,44.39461883408072,33.75796178343949,47.73175542406312,40.9375,51.47347740667977,46.666666666666664,49.00662251655629,43.4991974317817,39.44954128440367,39.151712887438826,44.40894568690096,42.77108433734939,49.728752260397826,44.50757575757576,44.534412955465584,BRUTE FORCE,BRUTE FORCE,BRUTE FORCE,BRUTE FORCE,BRUTE FORCE,BRUTE FORCE,BRUTE FORCE,BRUTE FORCE,BRUTE FORCE,BRUTE FORCE,BRUTE FORCE,BRUTE FORCE,BRUTE FORCE,BRUTE FORCE,BRUTE FORCE,BRUTE FORCE,BRUTE FORCE,BRUTE FORCE,BRUTE FORCE,BRUTE FORCE,BRUTE FORCE,BRUTE FORCE,BRUTE FORCE,BRUTE FORCE
2023,Northeast,398,250,251,211,185,139,190,205,321,394,441,391,596,449,496,505,512,570,568,566,536,501,521,457,27.386934673366838,24.8,29.880478087649404,25.118483412322274,18.37837837837838,27.33812949640288,18.421052631578945,26.82926829268293,24.299065420560748,15.989847715736042,26.303854875283445,28.388746803069054,21.140939597315437,26.50334075723831,23.991935483870968,25.940594059405942,23.046875,26.31578947368421,21.12676056338028,20.848056537102476,28.91791044776119,32.93413173652694,29.750479846449135,25.38293216630197,BRUTE FORCE,BRUTE FORCE,BRUTE FORCE,BRUTE FORCE,BRUTE FORCE,BRUTE FORCE,BRUTE FORCE,BRUTE FORCE,BRUTE FORCE,BRUTE FORCE,BRUTE FORCE,BRUTE FORCE,BRUTE FORCE,BRUTE FORCE,BRUTE FORCE,BRUTE FORCE,BRUTE FORCE,BRUTE FORCE,BRUTE FORCE,BRUTE FORCE,BRUTE FORCE,BRUTE FORCE,BRUTE FORCE,BRUTE FORCE
2023,Olympic,478,393,312,258,216,198,317,350,431,485,453,500,699,510,596,562,593,642,622,647,656,588,592,568,37.65690376569037,44.02035623409669,43.91025641025641,41.47286821705426,39.351851851851855,37.878787878787875,25.236593059936908,32.285714285714285,28.074245939675173,31.34020618556701,29.80132450331126,35.8,30.758226037195996,34.509803921568626,33.89261744966443,31.85053380782918,33.05227655986509,31.15264797507788,33.762057877813504,37.09428129829985,41.61585365853659,38.435374149659864,33.108108108108105,35.563380281690144,BRUTE FORCE,BRUTE FORCE,BRUTE FORCE,BRUTE FORCE,BRUTE FORCE,BRUTE FORCE,BRUTE FORCE,BRUTE FORCE,BRUTE FORCE,BRUTE FORCE,BRUTE FORCE,BRUTE FORCE,BRUTE FORCE,BRUTE FORCE,BRUTE FORCE,BRUTE FORCE,BRUTE FORCE,BRUTE FORCE,BRUTE FORCE,BRUTE FORCE,BRUTE FORCE,BRUTE FORCE,BRUTE FORCE,BRUTE FORCE
2023,Pacific,510,352,295,280,272,261,300,352,514,539,641,599,1034,681,699,684,733,830,782,668,739,675,662,551,31.372549019607842,36.07954545454545,39.32203389830509,31.071428571428573,33.088235294117645,31.800766283524908,27.0,29.545454545454547,29.18287937743191,30.79777365491651,26.521060842433698,26.04340567612688,19.43907156673114,29.809104258443465,26.03719599427754,28.21637426900585,27.421555252387446,26.626506024096386,25.191815856777495,26.047904191616766,26.38700947225981,28.59259259259259,34.74320241691843,31.57894736842105,BRUTE FORCE,BRUTE FORCE,BRUTE FORCE,BRUTE FORCE,OTHER WEAPON,OTHER WEAPON,OTHER WEAPON,BRUTE FORCE,OTHER WEAPON,BRUTE FORCE,BRUTE FORCE,BRUTE FORCE,BRUTE FORCE,BRUTE FORCE,BRUTE FORCE,BRUTE FORCE,BRUTE FORCE,BRUTE FORCE,BRUTE FORCE,BRUTE FORCE,BRUTE FORCE,BRUTE FORCE,BRUTE FORCE,BRUTE FORCE
2023,Rampart,404,352,291,234,180,170,242,335,438,452,493,516,682,524,560,636,626,660,643,616,646,623,541,561,47.277227722772274,50.0,53.264604810996566,52.991452991452995,43.888888888888886,40.588235294117645,32.231404958677686,40.298507462686565,35.38812785388128,32.52212389380531,41.37931034482759,40.69767441860465,37.82991202346041,40.0763358778626,37.857142857142854,41.82389937106918,39.13738019169329,33.78787878787879,35.61430793157076,35.38961038961039,36.06811145510836,39.1653290529695,43.992606284658045,46.16755793226381,BRUTE FORCE,BRUTE FORCE,BRUTE FORCE,BRUTE FORCE,BRUTE FORCE,BRUTE FORCE,BRUTE FORCE,BRUTE FORCE,BRUTE FORCE,BRUTE FORCE,BRUTE FORCE,BRUTE FORCE,BRUTE FORCE,BRUTE FORCE,BRUTE FORCE,BRUTE FORCE,BRUTE FORCE,BRUTE FORCE,BRUTE FORCE,BRUTE FORCE,BRUTE FORCE,BRUTE FORCE,BRUTE FORCE,BRUTE FORCE
2023,Southeast,636,349,297,245,194,176,411,345,426,407,472,480,580,469,509,545,586,617,664,526,644,566,556,508,41.35220125786164,46.99140401146132,46.801346801346796,40.0,43.81443298969072,37.5,21.897810218978105,40.28985507246377,36.61971830985916,45.7002457002457,48.30508474576271,47.291666666666664,45.689655172413794,53.09168443496801,48.52652259332024,48.440366972477065,50.34129692832765,47.64991896272285,45.78313253012048,45.627376425855516,47.98136645962733,49.82332155477032,46.58273381294964,54.52755905511811,BRUTE FORCE,BRUTE FORCE,BRUTE FORCE,BRUTE FORCE,BRUTE FORCE,BRUTE FORCE,BRUTE FORCE,BRUTE FORCE,BRUTE FORCE,BRUTE FORCE,BRUTE FORCE,BRUTE FORCE,BRUTE FORCE,BRUTE FORCE,BRUTE FORCE,BRUTE FORCE,BRUTE FORCE,BRUTE FORCE,BRUTE FORCE,BRUTE FORCE,BRUTE FORCE,BRUTE FORCE,BRUTE FORCE,BRUTE FORCE
2023,Southwest,554,338,316,256,218,199,352,389,488,441,578,586,728,583,666,688,699,781,791,731,713,637,725,573,35.018050541516246,33.13609467455622,41.77215189873418,36.71875,42.6605504587156,37.68844221105528,20.454545454545457,32.390745501285345,34.63114754098361,40.362811791383216,36.67820069204152,38.907849829351534,33.51648351648351,36.87821612349914,37.687687687687685,37.645348837209305,37.05293276108726,31.498079385403326,32.4905183312263,33.515731874145004,36.4656381486676,38.61852433281005,32.41379310344827,39.61605584642234,BRUTE FORCE,BRUTE FORCE,BRUTE FORCE,BRUTE FORCE,BRUTE FORCE,BRUTE FORCE,BRUTE FORCE,BRUTE FORCE,BRUTE FORCE,BRUTE FORCE,BRUTE FORCE,BRUTE FORCE,BRUTE FORCE,BRUTE FORCE,BRUTE FORCE,BRUTE FORCE,BRUTE FORCE,BRUTE FORCE,BRUTE FORCE,BRUTE FORCE,BRUTE FORCE,BRUTE FORCE,BRUTE FORCE,BRUTE FORCE
2023,Topanga,314,214,204,155,150,131,191,262,303,298,409,401,774,547,499,570,579,646,669,564,550,480,367,317,34.07643312101911,38.31775700934579,32.84313725490196,31.61290322580645,31.333333333333336,30.53435114503817,14.136125654450263,30.15267175572519,28.38283828382838,34.22818791946309,25.4278728606357,23.940149625935163,17.05426356589147,29.433272394881172,26.252505010020037,27.719298245614034,25.38860103626943,25.696594427244584,25.710014947683106,26.773049645390074,24.181818181818183,36.041666666666664,34.87738419618528,40.694006309148264,BRUTE FORCE,BRUTE FORCE,BRUTE FORCE,BRUTE FORCE,BRUTE FORCE,BRUTE FORCE,BRUTE FORCE,BRUTE FORCE,BRUTE FORCE,BRUTE FORCE,BRUTE FORCE,BRUTE FORCE,BRUTE FORCE,BRUTE FORCE,BRUTE FORCE,BRUTE FORCE,BRUTE FORCE,BRUTE FORCE,BRUTE FORCE,BRUTE FORCE,BRUTE FORCE,BRUTE FORCE,BRUTE FORCE,BRUTE FORCE
2023,Van Nuys,325,247,226,212,204,183,228,220,393,366,434,439,746,465,523,536,491,618,632,556,610,454,441,343,31.692307692307693,36.84210526315789,29.20353982300885,24.528301886792452,21.568627450980394,20.76502732240437,17.543859649122805,22.272727272727273,24.681933842239186,32.78688524590164,28.57142857142857,31.207289293849662,19.839142091152816,25.806451612903224,26.76864244741874,29.291044776119403,26.476578411405292,22.491909385113267,22.310126582278482,22.66187050359712,25.573770491803277,33.03964757709251,29.931972789115648,35.8600583090379,BRUTE FORCE,BRUTE FORCE,BRUTE FORCE,BRUTE FORCE,BRUTE FORCE,BRUTE FORCE,BRUTE FORCE,BRUTE FORCE,BRUTE FORCE,BRUTE FORCE,BRUTE FORCE,BRUTE FORCE,BRUTE FORCE,BRUTE FORCE,BRUTE FORCE,BRUTE FORCE,BRUTE FORCE,BRUTE FORCE,BRUTE FORCE,BRUTE FORCE,BRUTE FORCE,BRUTE FORCE,BRUTE FORCE,BRUTE FORCE
2023,West LA,350,227,191,191,153,141,189,196,401,406,497,510,722,515,613,644,664,707,700,611,612,542,404,327,25.142857142857146,29.515418502202646,37.696335078534034,31.413612565445025,29.411764705882355,24.822695035460992,29.629629629629626,27.040816326530614,20.199501246882793,22.906403940886698,22.334004024144868,23.72549019607843,19.252077562326868,24.466019417475728,21.859706362153343,23.136645962732917,23.64457831325301,22.34794908062235,23.857142857142858,26.350245499181668,24.34640522875817,25.830258302583026,29.207920792079207,30.58103975535168,BRUTE FORCE,BRUTE FORCE,BRUTE FORCE,BRUTE FORCE,OTHER WEAPON,BRUTE FORCE,BRUTE FORCE,BRUTE FORCE,BRUTE FORCE,BRUTE FORCE,BRUTE FORCE,BRUTE FORCE,BRUTE FORCE,BRUTE FORCE,BRUTE FORCE,BRUTE FORCE,BRUTE FORCE,BRUTE FORCE,BRUTE FORCE,BRUTE FORCE,BRUTE FORCE,BRUTE FORCE,BRUTE FORCE,BRUTE FORCE
2023,West Valley,376,262,242,247,213,170,200,244,415,331,433,451,658,473,461,493,558,570,600,543,587,526,453,375,35.1063829787234,35.87786259541985,40.082644628099175,20.647773279352226,25.352112676056336,29.411764705882355,24.0,26.229508196721312,29.156626506024097,31.419939577039273,32.10161662817552,31.48558758314856,26.443768996960486,31.712473572938688,29.718004338394792,32.657200811359026,31.36200716845878,29.29824561403509,32.166666666666664,32.96500920810313,32.36797274275979,30.418250950570343,28.47682119205298,35.199999999999996,BRUTE FORCE,BRUTE FORCE,BRUTE FORCE,BRUTE FORCE,BRUTE FORCE,BRUTE FORCE,BRUTE FORCE,BRUTE FORCE,BRUTE FORCE,BRUTE FORCE,BRUTE FORCE,BRUTE FORCE,BRUTE FORCE,BRUTE FORCE,BRUTE FORCE,BRUTE FORCE,BRUTE FORCE,BRUTE FORCE,BRUTE FORCE,BRUTE FORCE,BRUTE FORCE,BRUTE FORCE,BRUTE FORCE,BRUTE FORCE
2023,Wilshire,357,271,274,241,188,182,209,235,413,410,531,515,774,591,594,642,679,751,767,783,664,626,488,451,29.971988795518207,36.162361623616235,36.13138686131387,29.87551867219917,29.78723404255319,22.52747252747253,20.574162679425836,24.680851063829788,24.69733656174334,25.609756097560975,28.436911487758948,28.932038834951456,19.638242894056848,21.658206429780034,25.757575757575758,23.5202492211838,25.773195876288657,23.169107856191744,20.860495436766623,24.776500638569605,23.795180722891565,22.364217252396166,24.795081967213115,28.159645232815965,BRUTE FORCE,BRUTE FORCE,BRUTE FORCE,BRUTE FORCE,BRUTE FORCE,BRUTE FORCE,BRUTE FORCE,BRUTE FORCE,BRUTE FORCE,BRUTE FORCE,BRUTE FORCE,BRUTE FORCE,BRUTE FORCE,BRUTE FORCE,BRUTE FORCE,BRUTE FORCE,BRUTE FORCE,BRUTE FORCE,BRUTE FORCE,BRUTE FORCE,BRUTE FORCE,BRUTE FORCE,BRUTE FORCE,BRUTE FORCE
